link,writers,director,budget
https://www.imdb.com/title/tt0054357/?ref_=sr_i_1,,,
https://www.imdb.com/title/tt0054215/?ref_=sr_i_2,,,
https://www.imdb.com/title/tt0054331/?ref_=sr_i_3,,,
https://www.imdb.com/title/tt0053779/?ref_=sr_i_4,,,
https://www.imdb.com/title/tt0053804/?ref_=sr_i_5,,,
https://www.imdb.com/title/tt0053604/?ref_=sr_i_6,,,
https://www.imdb.com/title/tt0053580/?ref_=sr_i_7,,,
https://www.imdb.com/title/tt0053622/?ref_=sr_i_8,,,
https://www.imdb.com/title/tt0054135/?ref_=sr_i_9,,,
https://www.imdb.com/title/tt0054367/?ref_=sr_i_10,,,
https://www.imdb.com/title/tt0053793/?ref_=sr_i_11,,,
https://www.imdb.com/title/tt0053841/?ref_=sr_i_12,,,
https://www.imdb.com/title/tt0054188/?ref_=sr_i_13,,,
https://www.imdb.com/title/tt0054172/?ref_=sr_i_14,,,
https://www.imdb.com/title/tt0053848/?ref_=sr_i_15,,,
https://www.imdb.com/title/tt0054230/?ref_=sr_i_16,,,
https://www.imdb.com/title/tt0054084/?ref_=sr_i_17,,,
https://www.imdb.com/title/tt0054483/?ref_=sr_i_18,,,
https://www.imdb.com/title/tt0054022/?ref_=sr_i_19,,,
https://www.imdb.com/title/tt0054310/?ref_=sr_i_20,,,
https://www.imdb.com/title/tt0053645/?ref_=sr_i_21,,,
https://www.imdb.com/title/tt0053877/?ref_=sr_i_22,,,
https://www.imdb.com/title/tt0053912/?ref_=sr_i_23,,,
https://www.imdb.com/title/tt0054047/?ref_=sr_i_24,,,
https://www.imdb.com/title/tt0053716/?ref_=sr_i_25,,,
https://www.imdb.com/title/tt0053559/?ref_=sr_i_26,,,
https://www.imdb.com/title/tt0053925/?ref_=sr_i_27,,,
https://www.imdb.com/title/tt0054045/?ref_=sr_i_28,,,
https://www.imdb.com/title/tt0053825/?ref_=sr_i_29,,,
https://www.imdb.com/title/tt0053976/?ref_=sr_i_30,,,
https://www.imdb.com/title/tt0054033/?ref_=sr_i_31,,,
https://www.imdb.com/title/tt0053472/?ref_=sr_i_32,,,
https://www.imdb.com/title/tt0054098/?ref_=sr_i_33,,,
https://www.imdb.com/title/tt0052698/?ref_=sr_i_34,,,
https://www.imdb.com/title/tt0053765/?ref_=sr_i_35,,,
https://www.imdb.com/title/tt0054167/?ref_=sr_i_36,,,
https://www.imdb.com/title/tt0053459/?ref_=sr_i_37,,,
https://www.imdb.com/title/tt0054407/?ref_=sr_i_38,,,
https://www.imdb.com/title/tt0054242/?ref_=sr_i_39,,,
https://www.imdb.com/title/tt0053666/?ref_=sr_i_40,,,
https://www.imdb.com/title/tt0054387/?ref_=sr_i_41,,,
https://www.imdb.com/title/tt0054428/?ref_=sr_i_42,,,
https://www.imdb.com/title/tt0054189/?ref_=sr_i_43,,,
https://www.imdb.com/title/tt0053601/?ref_=sr_i_44,,,
https://www.imdb.com/title/tt0053619/?ref_=sr_i_45,,,
https://www.imdb.com/title/tt0054067/?ref_=sr_i_46,,,
https://www.imdb.com/title/tt0054417/?ref_=sr_i_47,,,
https://www.imdb.com/title/tt0054248/?ref_=sr_i_48,,,
https://www.imdb.com/title/tt0054195/?ref_=sr_i_49,,,
https://www.imdb.com/title/tt0053946/?ref_=sr_i_50,,,
https://www.imdb.com/title/tt0054443/?ref_=sr_i_51,,,
https://www.imdb.com/title/tt0054453/?ref_=sr_i_52,,,
https://www.imdb.com/title/tt0054749/?ref_=sr_i_53,,,
https://www.imdb.com/title/tt0053938/?ref_=sr_i_54,,,
https://www.imdb.com/title/tt0053768/?ref_=sr_i_55,,,
https://www.imdb.com/title/tt0053602/?ref_=sr_i_56,,,
https://www.imdb.com/title/tt0054038/?ref_=sr_i_57,,,
https://www.imdb.com/title/tt0052832/?ref_=sr_i_58,,,
https://www.imdb.com/title/tt0194879/?ref_=sr_i_59,,,
https://www.imdb.com/title/tt0053677/?ref_=sr_i_60,,,
https://www.imdb.com/title/tt0054190/?ref_=sr_i_61,,,
https://www.imdb.com/title/tt0054348/?ref_=sr_i_62,,,
https://www.imdb.com/title/tt0054452/?ref_=sr_i_63,,,
https://www.imdb.com/title/tt0054127/?ref_=sr_i_64,,,
https://www.imdb.com/title/tt0053908/?ref_=sr_i_65,,,
https://www.imdb.com/title/tt0053849/?ref_=sr_i_66,,,
https://www.imdb.com/title/tt0150980/?ref_=sr_i_67,,,
https://www.imdb.com/title/tt0054306/?ref_=sr_i_68,,,
https://www.imdb.com/title/tt0054469/?ref_=sr_i_69,,,
https://www.imdb.com/title/tt0054494/?ref_=sr_i_70,,,
https://www.imdb.com/title/tt0053796/?ref_=sr_i_71,,,
https://www.imdb.com/title/tt0054371/?ref_=sr_i_72,,,
https://www.imdb.com/title/tt0054244/?ref_=sr_i_73,,,
https://www.imdb.com/title/tt0053717/?ref_=sr_i_74,,,
https://www.imdb.com/title/tt0053719/?ref_=sr_i_75,,,
https://www.imdb.com/title/tt0054460/?ref_=sr_i_76,,,
https://www.imdb.com/title/tt0052997/?ref_=sr_i_77,,,
https://www.imdb.com/title/tt0054389/?ref_=sr_i_78,,,
https://www.imdb.com/title/tt0054042/?ref_=sr_i_79,,,
https://www.imdb.com/title/tt0053250/?ref_=sr_i_80,,,
https://www.imdb.com/title/tt0054345/?ref_=sr_i_81,,,
https://www.imdb.com/title/tt0054198/?ref_=sr_i_82,,,
https://www.imdb.com/title/tt0154683/?ref_=sr_i_83,,,
https://www.imdb.com/title/tt0053365/?ref_=sr_i_84,,,
https://www.imdb.com/title/tt0053651/?ref_=sr_i_85,,,
https://www.imdb.com/title/tt0054476/?ref_=sr_i_86,,,
https://www.imdb.com/title/tt0054292/?ref_=sr_i_87,,,
https://www.imdb.com/title/tt0054020/?ref_=sr_i_88,,,
https://www.imdb.com/title/tt0054353/?ref_=sr_i_89,,,
https://www.imdb.com/title/tt0054269/?ref_=sr_i_90,,,
https://www.imdb.com/title/tt0053802/?ref_=sr_i_91,,,
https://www.imdb.com/title/tt0054021/?ref_=sr_i_92,,,
https://www.imdb.com/title/tt0054051/?ref_=sr_i_93,,,
https://www.imdb.com/title/tt0053917/?ref_=sr_i_94,,,
https://www.imdb.com/title/tt0054099/?ref_=sr_i_95,,,
https://www.imdb.com/title/tt0053957/?ref_=sr_i_96,,,
https://www.imdb.com/title/tt0054393/?ref_=sr_i_97,,,
https://www.imdb.com/title/tt0054333/?ref_=sr_i_98,,,
https://www.imdb.com/title/tt0054209/?ref_=sr_i_99,,,
https://www.imdb.com/title/tt0053715/?ref_=sr_i_100,,,
https://www.imdb.com/title/tt0053729/?ref_=sr_i_101,,,
https://www.imdb.com/title/tt0055779/?ref_=sr_i_102,,,
https://www.imdb.com/title/tt0054403/?ref_=sr_i_103,,,
https://www.imdb.com/title/tt0054416/?ref_=sr_i_104,,,
https://www.imdb.com/title/tt0054298/?ref_=sr_i_105,,,
https://www.imdb.com/title/tt0054279/?ref_=sr_i_106,,,
https://www.imdb.com/title/tt0053244/?ref_=sr_i_107,,,
https://www.imdb.com/title/tt0054343/?ref_=sr_i_108,,,
https://www.imdb.com/title/tt0053690/?ref_=sr_i_109,,,
https://www.imdb.com/title/tt0053106/?ref_=sr_i_110,,,
https://www.imdb.com/title/tt0054116/?ref_=sr_i_111,,,
https://www.imdb.com/title/tt0053582/?ref_=sr_i_112,,,
https://www.imdb.com/title/tt0054788/?ref_=sr_i_113,,,
https://www.imdb.com/title/tt0054412/?ref_=sr_i_114,,,
https://www.imdb.com/title/tt0052961/?ref_=sr_i_115,,,
https://www.imdb.com/title/tt0053571/?ref_=sr_i_116,,,
https://www.imdb.com/title/tt0054091/?ref_=sr_i_117,,,
https://www.imdb.com/title/tt0054237/?ref_=sr_i_118,,,
https://www.imdb.com/title/tt0053967/?ref_=sr_i_119,,,
https://www.imdb.com/title/tt0054016/?ref_=sr_i_120,,,
https://www.imdb.com/title/tt0054473/?ref_=sr_i_121,,,
https://www.imdb.com/title/tt0055169/?ref_=sr_i_122,,,
https://www.imdb.com/title/tt0053579/?ref_=sr_i_123,,,
https://www.imdb.com/title/tt0054326/?ref_=sr_i_124,,,
https://www.imdb.com/title/tt0053699/?ref_=sr_i_125,,,
https://www.imdb.com/title/tt0054086/?ref_=sr_i_126,,,
https://www.imdb.com/title/tt0053901/?ref_=sr_i_127,,,
https://www.imdb.com/title/tt0054415/?ref_=sr_i_128,,,
https://www.imdb.com/title/tt0054102/?ref_=sr_i_129,,,
https://www.imdb.com/title/tt0053933/?ref_=sr_i_130,,,
https://www.imdb.com/title/tt0054017/?ref_=sr_i_131,,,
https://www.imdb.com/title/tt0052819/?ref_=sr_i_132,,,
https://www.imdb.com/title/tt0053626/?ref_=sr_i_133,,,
https://www.imdb.com/title/tt0053643/?ref_=sr_i_134,,,
https://www.imdb.com/title/tt0052784/?ref_=sr_i_135,,,
https://www.imdb.com/title/tt0053810/?ref_=sr_i_136,,,
https://www.imdb.com/title/tt0053994/?ref_=sr_i_137,,,
https://www.imdb.com/title/tt0054197/?ref_=sr_i_138,,,
https://www.imdb.com/title/tt0055993/?ref_=sr_i_139,,,
https://www.imdb.com/title/tt0054390/?ref_=sr_i_140,,,
https://www.imdb.com/title/tt0053593/?ref_=sr_i_141,,,
https://www.imdb.com/title/tt0056049/?ref_=sr_i_142,,,
https://www.imdb.com/title/tt0054377/?ref_=sr_i_143,,,
https://www.imdb.com/title/tt0175743/?ref_=sr_i_144,,,
https://www.imdb.com/title/tt0054073/?ref_=sr_i_145,,,
https://www.imdb.com/title/tt0053644/?ref_=sr_i_146,,,
https://www.imdb.com/title/tt0053879/?ref_=sr_i_147,,,
https://www.imdb.com/title/tt0054115/?ref_=sr_i_148,,,
https://www.imdb.com/title/tt0053902/?ref_=sr_i_149,,,
https://www.imdb.com/title/tt0052811/?ref_=sr_i_150,,,
https://www.imdb.com/title/tt0053598/?ref_=sr_i_151,,,
https://www.imdb.com/title/tt0053900/?ref_=sr_i_152,,,
https://www.imdb.com/title/tt0052949/?ref_=sr_i_153,,,
https://www.imdb.com/title/tt0054271/?ref_=sr_i_154,,,
https://www.imdb.com/title/tt0054243/?ref_=sr_i_155,,,
https://www.imdb.com/title/tt0054265/?ref_=sr_i_156,,,
https://www.imdb.com/title/tt0054324/?ref_=sr_i_157,,,
https://www.imdb.com/title/tt0054446/?ref_=sr_i_158,,,
https://www.imdb.com/title/tt0054295/?ref_=sr_i_159,,,
https://www.imdb.com/title/tt0053751/?ref_=sr_i_160,,,
https://www.imdb.com/title/tt0053746/?ref_=sr_i_161,,,
https://www.imdb.com/title/tt0054095/?ref_=sr_i_162,,,
https://www.imdb.com/title/tt0053630/?ref_=sr_i_163,,,
https://www.imdb.com/title/tt0053583/?ref_=sr_i_164,,,
https://www.imdb.com/title/tt0054065/?ref_=sr_i_165,,,
https://www.imdb.com/title/tt0053561/?ref_=sr_i_166,,,
https://www.imdb.com/title/tt0053899/?ref_=sr_i_167,,,
https://www.imdb.com/title/tt0054385/?ref_=sr_i_168,,,
https://www.imdb.com/title/tt0053931/?ref_=sr_i_169,,,
https://www.imdb.com/title/tt0053780/?ref_=sr_i_170,,,
https://www.imdb.com/title/tt0053742/?ref_=sr_i_171,,,
https://www.imdb.com/title/tt0054044/?ref_=sr_i_172,,,
https://www.imdb.com/title/tt0053800/?ref_=sr_i_173,,,
https://www.imdb.com/title/tt0053740/?ref_=sr_i_174,,,
https://www.imdb.com/title/tt0055133/?ref_=sr_i_175,,,
https://www.imdb.com/title/tt0055452/?ref_=sr_i_176,,,
https://www.imdb.com/title/tt0054358/?ref_=sr_i_177,,,
https://www.imdb.com/title/tt0054142/?ref_=sr_i_178,,,
https://www.imdb.com/title/tt0053668/?ref_=sr_i_179,,,
https://www.imdb.com/title/tt0053683/?ref_=sr_i_180,,,
https://www.imdb.com/title/tt0053675/?ref_=sr_i_181,,,
https://www.imdb.com/title/tt0052849/?ref_=sr_i_182,,,
https://www.imdb.com/title/tt0055518/?ref_=sr_i_183,,,
https://www.imdb.com/title/tt0053952/?ref_=sr_i_184,,,
https://www.imdb.com/title/tt0054351/?ref_=sr_i_185,,,
https://www.imdb.com/title/tt0054901/?ref_=sr_i_186,,,
https://www.imdb.com/title/tt0054061/?ref_=sr_i_187,,,
https://www.imdb.com/title/tt0055328/?ref_=sr_i_188,,,
https://www.imdb.com/title/tt0053993/?ref_=sr_i_189,,,
https://www.imdb.com/title/tt0054122/?ref_=sr_i_190,,,
https://www.imdb.com/title/tt0055502/?ref_=sr_i_191,,,
https://www.imdb.com/title/tt0053882/?ref_=sr_i_192,,,
https://www.imdb.com/title/tt0152066/?ref_=sr_i_193,,,
https://www.imdb.com/title/tt0053750/?ref_=sr_i_194,,,
https://www.imdb.com/title/tt0054368/?ref_=sr_i_195,,,
https://www.imdb.com/title/tt0054330/?ref_=sr_i_196,,,
https://www.imdb.com/title/tt0054205/?ref_=sr_i_197,,,
https://www.imdb.com/title/tt0054354/?ref_=sr_i_198,,,
https://www.imdb.com/title/tt0053638/?ref_=sr_i_199,,,
https://www.imdb.com/title/tt0054437/?ref_=sr_i_200,,,
https://www.imdb.com/title/tt0055192/?ref_=sr_i_201,,,
https://www.imdb.com/title/tt0052680/?ref_=sr_i_202,,,
https://www.imdb.com/title/tt0053102/?ref_=sr_i_203,,,
https://www.imdb.com/title/tt0053911/?ref_=sr_i_204,,,
https://www.imdb.com/title/tt0052555/?ref_=sr_i_205,,,
https://www.imdb.com/title/tt0053693/?ref_=sr_i_206,,,
https://www.imdb.com/title/tt0054455/?ref_=sr_i_207,,,
https://www.imdb.com/title/tt0054119/?ref_=sr_i_208,,,
https://www.imdb.com/title/tt0053772/?ref_=sr_i_209,,,
https://www.imdb.com/title/tt0054475/?ref_=sr_i_210,,,
https://www.imdb.com/title/tt0054963/?ref_=sr_i_211,,,
https://www.imdb.com/title/tt0054120/?ref_=sr_i_212,,,
https://www.imdb.com/title/tt0053228/?ref_=sr_i_213,,,
https://www.imdb.com/title/tt0055342/?ref_=sr_i_214,,,
https://www.imdb.com/title/tt0055239/?ref_=sr_i_215,,,
https://www.imdb.com/title/tt0054263/?ref_=sr_i_216,,,
https://www.imdb.com/title/tt0056633/?ref_=sr_i_217,,,
https://www.imdb.com/title/tt0053980/?ref_=sr_i_218,,,
https://www.imdb.com/title/tt0053149/?ref_=sr_i_219,,,
https://www.imdb.com/title/tt0054325/?ref_=sr_i_220,,,
https://www.imdb.com/title/tt0053652/?ref_=sr_i_221,,,
https://www.imdb.com/title/tt0054296/?ref_=sr_i_222,,,
https://www.imdb.com/title/tt0055119/?ref_=sr_i_223,,,
https://www.imdb.com/title/tt0053936/?ref_=sr_i_224,,,
https://www.imdb.com/title/tt0054164/?ref_=sr_i_225,,,
https://www.imdb.com/title/tt0053641/?ref_=sr_i_226,,,
https://www.imdb.com/title/tt0053706/?ref_=sr_i_227,,,
https://www.imdb.com/title/tt0052607/?ref_=sr_i_228,,,
https://www.imdb.com/title/tt0055296/?ref_=sr_i_229,,,
https://www.imdb.com/title/tt0054144/?ref_=sr_i_230,,,
https://www.imdb.com/title/tt0054762/?ref_=sr_i_231,,,
https://www.imdb.com/title/tt0188273/?ref_=sr_i_232,,,
https://www.imdb.com/title/tt0053958/?ref_=sr_i_233,,,
https://www.imdb.com/title/tt0053726/?ref_=sr_i_234,,,
https://www.imdb.com/title/tt0053975/?ref_=sr_i_235,,,
https://www.imdb.com/title/tt0052745/?ref_=sr_i_236,,,
https://www.imdb.com/title/tt0054449/?ref_=sr_i_237,,,
https://www.imdb.com/title/tt0193458/?ref_=sr_i_238,,,
https://www.imdb.com/title/tt0056565/?ref_=sr_i_239,,,
https://www.imdb.com/title/tt0053941/?ref_=sr_i_240,,,
https://www.imdb.com/title/tt0054001/?ref_=sr_i_241,,,
https://www.imdb.com/title/tt0053637/?ref_=sr_i_242,,,
https://www.imdb.com/title/tt0054481/?ref_=sr_i_243,,,
https://www.imdb.com/title/tt0142113/?ref_=sr_i_244,,,
https://www.imdb.com/title/tt0053819/?ref_=sr_i_245,,,
https://www.imdb.com/title/tt0053985/?ref_=sr_i_246,,,
https://www.imdb.com/title/tt0053762/?ref_=sr_i_247,,,
https://www.imdb.com/title/tt0196536/?ref_=sr_i_248,,,
https://www.imdb.com/title/tt0054878/?ref_=sr_i_249,,,
https://www.imdb.com/title/tt0263541/?ref_=sr_i_250,,,
https://www.imdb.com/title/tt0053839/?ref_=sr_i_251,,,
https://www.imdb.com/title/tt0054496/?ref_=sr_i_252,,,
https://www.imdb.com/title/tt0054328/?ref_=sr_i_253,,,
https://www.imdb.com/title/tt0053965/?ref_=sr_i_254,,,
https://www.imdb.com/title/tt0256406/?ref_=sr_i_255,,,
https://www.imdb.com/title/tt0054286/?ref_=sr_i_256,,,
https://www.imdb.com/title/tt0054132/?ref_=sr_i_257,,,
https://www.imdb.com/title/tt0054141/?ref_=sr_i_258,,,
https://www.imdb.com/title/tt0053570/?ref_=sr_i_259,,,
https://www.imdb.com/title/tt0053597/?ref_=sr_i_260,,,
https://www.imdb.com/title/tt0051536/?ref_=sr_i_261,,,
https://www.imdb.com/title/tt0054187/?ref_=sr_i_262,,,
https://www.imdb.com/title/tt0053774/?ref_=sr_i_263,,,
https://www.imdb.com/title/tt0054392/?ref_=sr_i_264,,,
https://www.imdb.com/title/tt0053724/?ref_=sr_i_265,,,
https://www.imdb.com/title/tt0054413/?ref_=sr_i_266,,,
https://www.imdb.com/title/tt0053764/?ref_=sr_i_267,,,
https://www.imdb.com/title/tt0053671/?ref_=sr_i_268,,,
https://www.imdb.com/title/tt0054750/?ref_=sr_i_269,,,
https://www.imdb.com/title/tt0054479/?ref_=sr_i_270,,,
https://www.imdb.com/title/tt0053884/?ref_=sr_i_271,,,
https://www.imdb.com/title/tt0053634/?ref_=sr_i_272,,,
https://www.imdb.com/title/tt0053752/?ref_=sr_i_273,,,
https://www.imdb.com/title/tt0052635/?ref_=sr_i_274,,,
https://www.imdb.com/title/tt2034695/?ref_=sr_i_275,,,
https://www.imdb.com/title/tt0054441/?ref_=sr_i_276,,,
https://www.imdb.com/title/tt0053440/?ref_=sr_i_277,,,
https://www.imdb.com/title/tt0156666/?ref_=sr_i_278,,,
https://www.imdb.com/title/tt0054459/?ref_=sr_i_279,,,
https://www.imdb.com/title/tt0053727/?ref_=sr_i_280,,,
https://www.imdb.com/title/tt0054289/?ref_=sr_i_281,,,
https://www.imdb.com/title/tt0054004/?ref_=sr_i_282,,,
https://www.imdb.com/title/tt0053629/?ref_=sr_i_283,,,
https://www.imdb.com/title/tt0054379/?ref_=sr_i_284,,,
https://www.imdb.com/title/tt0055377/?ref_=sr_i_285,,,
https://www.imdb.com/title/tt0054049/?ref_=sr_i_286,,,
https://www.imdb.com/title/tt0053745/?ref_=sr_i_287,,,
https://www.imdb.com/title/tt0054285/?ref_=sr_i_288,,,
https://www.imdb.com/title/tt0130797/?ref_=sr_i_289,,,
https://www.imdb.com/title/tt0054246/?ref_=sr_i_290,,,
https://www.imdb.com/title/tt0054204/?ref_=sr_i_291,,,
https://www.imdb.com/title/tt0232193/?ref_=sr_i_292,,,
https://www.imdb.com/title/tt0054372/?ref_=sr_i_293,,,
https://www.imdb.com/title/tt0054337/?ref_=sr_i_294,,,
https://www.imdb.com/title/tt0053861/?ref_=sr_i_295,,,
https://www.imdb.com/title/tt0180786/?ref_=sr_i_296,,,
https://www.imdb.com/title/tt0054041/?ref_=sr_i_297,,,
https://www.imdb.com/title/tt0053732/?ref_=sr_i_298,,,
https://www.imdb.com/title/tt0054252/?ref_=sr_i_299,,,
https://www.imdb.com/title/tt0054272/?ref_=sr_i_300,,,
https://www.imdb.com/title/tt0054891/?ref_=sr_i_301,,,
https://www.imdb.com/title/tt0053853/?ref_=sr_i_302,,,
https://www.imdb.com/title/tt0127299/?ref_=sr_i_303,,,
https://www.imdb.com/title/tt0054405/?ref_=sr_i_304,,,
https://www.imdb.com/title/tt0056667/?ref_=sr_i_305,,,
https://www.imdb.com/title/tt0053739/?ref_=sr_i_306,,,
https://www.imdb.com/title/tt0052737/?ref_=sr_i_307,,,
https://www.imdb.com/title/tt0053809/?ref_=sr_i_308,,,
https://www.imdb.com/title/tt0442380/?ref_=sr_i_309,,,
https://www.imdb.com/title/tt0054315/?ref_=sr_i_310,,,
https://www.imdb.com/title/tt0056400/?ref_=sr_i_311,,,
https://www.imdb.com/title/tt0055762/?ref_=sr_i_312,,,
https://www.imdb.com/title/tt0054121/?ref_=sr_i_313,,,
https://www.imdb.com/title/tt0053584/?ref_=sr_i_314,,,
https://www.imdb.com/title/tt0054457/?ref_=sr_i_315,,,
https://www.imdb.com/title/tt0054355/?ref_=sr_i_316,,,
https://www.imdb.com/title/tt0054380/?ref_=sr_i_317,,,
https://www.imdb.com/title/tt0136617/?ref_=sr_i_318,,,
https://www.imdb.com/title/tt0339716/?ref_=sr_i_319,,,
https://www.imdb.com/title/tt0366623/?ref_=sr_i_320,,,
https://www.imdb.com/title/tt0053273/?ref_=sr_i_321,,,
https://www.imdb.com/title/tt0053947/?ref_=sr_i_322,,,
https://www.imdb.com/title/tt0244419/?ref_=sr_i_323,,,
https://www.imdb.com/title/tt0055380/?ref_=sr_i_324,,,
https://www.imdb.com/title/tt0054482/?ref_=sr_i_325,,,
https://www.imdb.com/title/tt0055001/?ref_=sr_i_326,,,
https://www.imdb.com/title/tt0054366/?ref_=sr_i_327,,,
https://www.imdb.com/title/tt0053696/?ref_=sr_i_328,,,
https://www.imdb.com/title/tt0053977/?ref_=sr_i_329,,,
https://www.imdb.com/title/tt0409866/?ref_=sr_i_330,,,
https://www.imdb.com/title/tt0053673/?ref_=sr_i_331,,,
https://www.imdb.com/title/tt0057238/?ref_=sr_i_332,,,
https://www.imdb.com/title/tt0385202/?ref_=sr_i_333,,,
https://www.imdb.com/title/tt0054729/?ref_=sr_i_334,,,
https://www.imdb.com/title/tt0053401/?ref_=sr_i_335,,,
https://www.imdb.com/title/tt0053347/?ref_=sr_i_336,,,
https://www.imdb.com/title/tt0054040/?ref_=sr_i_337,,,
https://www.imdb.com/title/tt0054058/?ref_=sr_i_338,,,
https://www.imdb.com/title/tt0053319/?ref_=sr_i_339,,,
https://www.imdb.com/title/tt0054381/?ref_=sr_i_340,,,
https://www.imdb.com/title/tt0053735/?ref_=sr_i_341,,,
https://www.imdb.com/title/tt0053775/?ref_=sr_i_342,,,
https://www.imdb.com/title/tt0053890/?ref_=sr_i_343,,,
https://www.imdb.com/title/tt0054342/?ref_=sr_i_344,,,
https://www.imdb.com/title/tt0163624/?ref_=sr_i_345,,,
https://www.imdb.com/title/tt0052721/?ref_=sr_i_346,,,
https://www.imdb.com/title/tt0053767/?ref_=sr_i_347,,,
https://www.imdb.com/title/tt0053928/?ref_=sr_i_348,,,
https://www.imdb.com/title/tt0053635/?ref_=sr_i_349,,,
https://www.imdb.com/title/tt0194507/?ref_=sr_i_350,,,
https://www.imdb.com/title/tt0054474/?ref_=sr_i_351,,,
https://www.imdb.com/title/tt0187700/?ref_=sr_i_352,,,
https://www.imdb.com/title/tt0378280/?ref_=sr_i_353,,,
https://www.imdb.com/title/tt0054451/?ref_=sr_i_354,,,
https://www.imdb.com/title/tt0168007/?ref_=sr_i_355,,,
https://www.imdb.com/title/tt0054309/?ref_=sr_i_356,,,
https://www.imdb.com/title/tt0054161/?ref_=sr_i_357,,,
https://www.imdb.com/title/tt0053971/?ref_=sr_i_358,,,
https://www.imdb.com/title/tt0053648/?ref_=sr_i_359,,,
https://www.imdb.com/title/tt0054068/?ref_=sr_i_360,,,
https://www.imdb.com/title/tt0054321/?ref_=sr_i_361,,,
https://www.imdb.com/title/tt0052769/?ref_=sr_i_362,,,
https://www.imdb.com/title/tt0168492/?ref_=sr_i_363,,,
https://www.imdb.com/title/tt0052781/?ref_=sr_i_364,,,
https://www.imdb.com/title/tt0172643/?ref_=sr_i_365,,,
https://www.imdb.com/title/tt0054495/?ref_=sr_i_366,,,
https://www.imdb.com/title/tt0053672/?ref_=sr_i_367,,,
https://www.imdb.com/title/tt0054350/?ref_=sr_i_368,,,
https://www.imdb.com/title/tt0225578/?ref_=sr_i_369,,,
https://www.imdb.com/title/tt0054430/?ref_=sr_i_370,,,
https://www.imdb.com/title/tt0146794/?ref_=sr_i_371,,,
https://www.imdb.com/title/tt0156571/?ref_=sr_i_372,,,
https://www.imdb.com/title/tt0053631/?ref_=sr_i_373,,,
https://www.imdb.com/title/tt0053865/?ref_=sr_i_374,,,
https://www.imdb.com/title/tt0054151/?ref_=sr_i_375,,,
https://www.imdb.com/title/tt0053864/?ref_=sr_i_376,,,
https://www.imdb.com/title/tt0052703/?ref_=sr_i_377,,,
https://www.imdb.com/title/tt0054232/?ref_=sr_i_378,,,
https://www.imdb.com/title/tt0053689/?ref_=sr_i_379,,,
https://www.imdb.com/title/tt0207038/?ref_=sr_i_380,,,
https://www.imdb.com/title/tt0156723/?ref_=sr_i_381,,,
https://www.imdb.com/title/tt0276069/?ref_=sr_i_382,,,
https://www.imdb.com/title/tt0051869/?ref_=sr_i_383,,,
https://www.imdb.com/title/tt0215328/?ref_=sr_i_384,,,
https://www.imdb.com/title/tt0054257/?ref_=sr_i_385,,,
https://www.imdb.com/title/tt0053674/?ref_=sr_i_386,,,
https://www.imdb.com/title/tt0053578/?ref_=sr_i_387,,,
https://www.imdb.com/title/tt0053807/?ref_=sr_i_388,,,
https://www.imdb.com/title/tt1139324/?ref_=sr_i_389,,,
https://www.imdb.com/title/tt0197030/?ref_=sr_i_390,,,
https://www.imdb.com/title/tt0054344/?ref_=sr_i_391,,,
https://www.imdb.com/title/tt0187119/?ref_=sr_i_392,,,
https://www.imdb.com/title/tt0053686/?ref_=sr_i_393,,,
https://www.imdb.com/title/tt0054053/?ref_=sr_i_394,,,
https://www.imdb.com/title/tt0056167/?ref_=sr_i_395,,,
https://www.imdb.com/title/tt0369745/?ref_=sr_i_396,,,
https://www.imdb.com/title/tt0054222/?ref_=sr_i_397,,,
https://www.imdb.com/title/tt0053557/?ref_=sr_i_398,,,
https://www.imdb.com/title/tt0054039/?ref_=sr_i_399,,,
https://www.imdb.com/title/tt0053999/?ref_=sr_i_400,,,
https://www.imdb.com/title/tt0054219/?ref_=sr_i_401,,,
https://www.imdb.com/title/tt0179945/?ref_=sr_i_402,,,
https://www.imdb.com/title/tt0054442/?ref_=sr_i_403,,,
https://www.imdb.com/title/tt0054463/?ref_=sr_i_404,,,
https://www.imdb.com/title/tt0054080/?ref_=sr_i_405,,,
https://www.imdb.com/title/tt0255208/?ref_=sr_i_406,,,
https://www.imdb.com/title/tt0053708/?ref_=sr_i_407,,,
https://www.imdb.com/title/tt0277279/?ref_=sr_i_408,,,
https://www.imdb.com/title/tt0194580/?ref_=sr_i_409,,,
https://www.imdb.com/title/tt0053814/?ref_=sr_i_410,,,
https://www.imdb.com/title/tt0122492/?ref_=sr_i_411,,,
https://www.imdb.com/title/tt0194841/?ref_=sr_i_412,,,
https://www.imdb.com/title/tt0054029/?ref_=sr_i_413,,,
https://www.imdb.com/title/tt0055282/?ref_=sr_i_414,,,
https://www.imdb.com/title/tt0195618/?ref_=sr_i_415,,,
https://www.imdb.com/title/tt0053653/?ref_=sr_i_416,,,
https://www.imdb.com/title/tt0053636/?ref_=sr_i_417,,,
https://www.imdb.com/title/tt0053791/?ref_=sr_i_418,,,
https://www.imdb.com/title/tt0054359/?ref_=sr_i_419,,,
https://www.imdb.com/title/tt0053996/?ref_=sr_i_420,,,
https://www.imdb.com/title/tt0053795/?ref_=sr_i_421,,,
https://www.imdb.com/title/tt0052842/?ref_=sr_i_422,,,
https://www.imdb.com/title/tt0053698/?ref_=sr_i_423,,,
https://www.imdb.com/title/tt0054283/?ref_=sr_i_424,,,
https://www.imdb.com/title/tt0054229/?ref_=sr_i_425,,,
https://www.imdb.com/title/tt0237314/?ref_=sr_i_426,,,
https://www.imdb.com/title/tt0053756/?ref_=sr_i_427,,,
https://www.imdb.com/title/tt0374114/?ref_=sr_i_428,,,
https://www.imdb.com/title/tt0158601/?ref_=sr_i_429,,,
https://www.imdb.com/title/tt0210525/?ref_=sr_i_430,,,
https://www.imdb.com/title/tt0053309/?ref_=sr_i_431,,,
https://www.imdb.com/title/tt0181641/?ref_=sr_i_432,,,
https://www.imdb.com/title/tt0167460/?ref_=sr_i_433,,,
https://www.imdb.com/title/tt0244147/?ref_=sr_i_434,,,
https://www.imdb.com/title/tt0054458/?ref_=sr_i_435,,,
https://www.imdb.com/title/tt0054169/?ref_=sr_i_436,,,
https://www.imdb.com/title/tt0054126/?ref_=sr_i_437,,,
https://www.imdb.com/title/tt0052807/?ref_=sr_i_438,,,
https://www.imdb.com/title/tt0142159/?ref_=sr_i_439,,,
https://www.imdb.com/title/tt0052674/?ref_=sr_i_440,,,
https://www.imdb.com/title/tt0052921/?ref_=sr_i_441,,,
https://www.imdb.com/title/tt0053371/?ref_=sr_i_442,,,
https://www.imdb.com/title/tt0140307/?ref_=sr_i_443,,,
https://www.imdb.com/title/tt0180782/?ref_=sr_i_444,,,
https://www.imdb.com/title/tt1538379/?ref_=sr_i_445,,,
https://www.imdb.com/title/tt0240110/?ref_=sr_i_446,,,
https://www.imdb.com/title/tt0391555/?ref_=sr_i_447,,,
https://www.imdb.com/title/tt0140808/?ref_=sr_i_448,,,
https://www.imdb.com/title/tt0054281/?ref_=sr_i_449,,,
https://www.imdb.com/title/tt0053808/?ref_=sr_i_450,,,
https://www.imdb.com/title/tt0050971/?ref_=sr_i_451,,,
https://www.imdb.com/title/tt0053627/?ref_=sr_i_452,,,
https://www.imdb.com/title/tt0054489/?ref_=sr_i_453,,,
https://www.imdb.com/title/tt0369242/?ref_=sr_i_454,,,
https://www.imdb.com/title/tt0169604/?ref_=sr_i_455,,,
https://www.imdb.com/title/tt0121969/?ref_=sr_i_456,,,
https://www.imdb.com/title/tt0054293/?ref_=sr_i_457,,,
https://www.imdb.com/title/tt0053705/?ref_=sr_i_458,,,
https://www.imdb.com/title/tt0052958/?ref_=sr_i_459,,,
https://www.imdb.com/title/tt0053918/?ref_=sr_i_460,,,
https://www.imdb.com/title/tt0056439/?ref_=sr_i_461,,,
https://www.imdb.com/title/tt0237579/?ref_=sr_i_462,,,
https://www.imdb.com/title/tt0053758/?ref_=sr_i_463,,,
https://www.imdb.com/title/tt0053092/?ref_=sr_i_464,,,
https://www.imdb.com/title/tt0052679/?ref_=sr_i_465,,,
https://www.imdb.com/title/tt0053769/?ref_=sr_i_466,,,
https://www.imdb.com/title/tt0051874/?ref_=sr_i_467,,,
https://www.imdb.com/title/tt0053870/?ref_=sr_i_468,,,
https://www.imdb.com/title/tt0170143/?ref_=sr_i_469,,,
https://www.imdb.com/title/tt0237179/?ref_=sr_i_470,,,
https://www.imdb.com/title/tt0056034/?ref_=sr_i_471,,,
https://www.imdb.com/title/tt0268505/?ref_=sr_i_472,,,
https://www.imdb.com/title/tt0057022/?ref_=sr_i_473,,,
https://www.imdb.com/title/tt0053709/?ref_=sr_i_474,,,
https://www.imdb.com/title/tt0302479/?ref_=sr_i_475,,,
https://www.imdb.com/title/tt0053098/?ref_=sr_i_476,,,
https://www.imdb.com/title/tt0053963/?ref_=sr_i_477,,,
https://www.imdb.com/title/tt0054485/?ref_=sr_i_478,,,
https://www.imdb.com/title/tt0054374/?ref_=sr_i_479,,,
https://www.imdb.com/title/tt0054233/?ref_=sr_i_480,,,
https://www.imdb.com/title/tt0156297/?ref_=sr_i_481,,,
https://www.imdb.com/title/tt0231254/?ref_=sr_i_482,,,
https://www.imdb.com/title/tt0053572/?ref_=sr_i_483,,,
https://www.imdb.com/title/tt0129950/?ref_=sr_i_484,,,
https://www.imdb.com/title/tt0054024/?ref_=sr_i_485,,,
https://www.imdb.com/title/tt4823366/?ref_=sr_i_486,,,
https://www.imdb.com/title/tt0054178/?ref_=sr_i_487,,,
https://www.imdb.com/title/tt0211039/?ref_=sr_i_488,,,
https://www.imdb.com/title/tt0054302/?ref_=sr_i_489,,,
https://www.imdb.com/title/tt0053867/?ref_=sr_i_490,,,
https://www.imdb.com/title/tt2017464/?ref_=sr_i_491,,,
https://www.imdb.com/title/tt0054799/?ref_=sr_i_492,,,
https://www.imdb.com/title/tt0215535/?ref_=sr_i_493,,,
https://www.imdb.com/title/tt0054436/?ref_=sr_i_494,,,
https://www.imdb.com/title/tt0054250/?ref_=sr_i_495,,,
https://www.imdb.com/title/tt0169062/?ref_=sr_i_496,,,
https://www.imdb.com/title/tt0053785/?ref_=sr_i_497,,,
https://www.imdb.com/title/tt0053660/?ref_=sr_i_498,,,
https://www.imdb.com/title/tt0330722/?ref_=sr_i_499,,,
https://www.imdb.com/title/tt0054181/?ref_=sr_i_500,,,
